"filename", "language", "TOML", "Python", "HTML", "JavaScript", "XML", "PostCSS", "Rust", "comment", "blank", "total"
"/home/psira/Code/python/ellippy/docs/build/html/_modules/ellippy/bulirsch.html", "HTML", 0, 0, 613, 0, 0, 0, 0, 8, 306, 927
"/home/psira/Code/python/ellippy/docs/build/html/_modules/ellippy/carlson.html", "HTML", 0, 0, 611, 0, 0, 0, 0, 8, 282, 901
"/home/psira/Code/python/ellippy/docs/build/html/_modules/ellippy/legendre.html", "HTML", 0, 0, 708, 0, 0, 0, 0, 8, 340, 1056
"/home/psira/Code/python/ellippy/docs/build/html/_modules/ellippy/misc.html", "HTML", 0, 0, 492, 0, 0, 0, 0, 8, 258, 758
"/home/psira/Code/python/ellippy/docs/build/html/_modules/index.html", "HTML", 0, 0, 433, 0, 0, 0, 0, 8, 232, 673
"/home/psira/Code/python/ellippy/docs/build/html/_static/basic.css", "PostCSS", 0, 0, 0, 0, 0, 693, 0, 25, 188, 906
"/home/psira/Code/python/ellippy/docs/build/html/_static/custom.css", "PostCSS", 0, 0, 0, 0, 0, 6, 0, 5, 3, 14
"/home/psira/Code/python/ellippy/docs/build/html/_static/doctools.js", "JavaScript", 0, 0, 0, 109, 0, 0, 0, 22, 19, 150
"/home/psira/Code/python/ellippy/docs/build/html/_static/documentation_options.js", "JavaScript", 0, 0, 0, 13, 0, 0, 0, 0, 0, 13
"/home/psira/Code/python/ellippy/docs/build/html/_static/ellippy-square.svg", "XML", 0, 0, 0, 0, 79, 0, 0, 1, 2, 82
"/home/psira/Code/python/ellippy/docs/build/html/_static/figures/cel1_plot.html", "HTML", 0, 0, 18, 0, 0, 0, 0, 0, 6, 24
"/home/psira/Code/python/ellippy/docs/build/html/_static/figures/cel1_plot.svg", "XML", 0, 0, 0, 0, 1, 0, 0, 0, 0, 1
"/home/psira/Code/python/ellippy/docs/build/html/_static/figures/cel2_plot.html", "HTML", 0, 0, 18, 0, 0, 0, 0, 0, 6, 24
"/home/psira/Code/python/ellippy/docs/build/html/_static/figures/cel2_plot.svg", "XML", 0, 0, 0, 0, 1, 0, 0, 0, 0, 1
"/home/psira/Code/python/ellippy/docs/build/html/_static/figures/cel_plot.html", "HTML", 0, 0, 18, 0, 0, 0, 0, 0, 6, 24
"/home/psira/Code/python/ellippy/docs/build/html/_static/figures/cel_plot.svg", "XML", 0, 0, 0, 0, 1, 0, 0, 0, 0, 1
"/home/psira/Code/python/ellippy/docs/build/html/_static/figures/el1_plot.html", "HTML", 0, 0, 18, 0, 0, 0, 0, 0, 6, 24
"/home/psira/Code/python/ellippy/docs/build/html/_static/figures/el1_plot.svg", "XML", 0, 0, 0, 0, 1, 0, 0, 0, 0, 1
"/home/psira/Code/python/ellippy/docs/build/html/_static/figures/el2_plot.html", "HTML", 0, 0, 18, 0, 0, 0, 0, 0, 6, 24
"/home/psira/Code/python/ellippy/docs/build/html/_static/figures/el2_plot.svg", "XML", 0, 0, 0, 0, 1, 0, 0, 0, 0, 1
"/home/psira/Code/python/ellippy/docs/build/html/_static/figures/el3_plot.html", "HTML", 0, 0, 18, 0, 0, 0, 0, 0, 6, 24
"/home/psira/Code/python/ellippy/docs/build/html/_static/figures/el3_plot.svg", "XML", 0, 0, 0, 0, 1, 0, 0, 0, 0, 1
"/home/psira/Code/python/ellippy/docs/build/html/_static/figures/ellipd_plot.html", "HTML", 0, 0, 18, 0, 0, 0, 0, 0, 6, 24
"/home/psira/Code/python/ellippy/docs/build/html/_static/figures/ellipd_plot.svg", "XML", 0, 0, 0, 0, 1, 0, 0, 0, 0, 1
"/home/psira/Code/python/ellippy/docs/build/html/_static/figures/ellipdinc_plot.html", "HTML", 0, 0, 18, 0, 0, 0, 0, 0, 6, 24
"/home/psira/Code/python/ellippy/docs/build/html/_static/figures/ellipdinc_plot.svg", "XML", 0, 0, 0, 0, 1, 0, 0, 0, 0, 1
"/home/psira/Code/python/ellippy/docs/build/html/_static/figures/ellipdinc_plot_3d.html", "HTML", 0, 0, 18, 0, 0, 0, 0, 0, 6, 24
"/home/psira/Code/python/ellippy/docs/build/html/_static/figures/ellipe_plot.html", "HTML", 0, 0, 18, 0, 0, 0, 0, 0, 6, 24
"/home/psira/Code/python/ellippy/docs/build/html/_static/figures/ellipe_plot.svg", "XML", 0, 0, 0, 0, 1, 0, 0, 0, 0, 1
"/home/psira/Code/python/ellippy/docs/build/html/_static/figures/ellipeinc_plot.html", "HTML", 0, 0, 18, 0, 0, 0, 0, 0, 6, 24
"/home/psira/Code/python/ellippy/docs/build/html/_static/figures/ellipeinc_plot.svg", "XML", 0, 0, 0, 0, 1, 0, 0, 0, 0, 1
"/home/psira/Code/python/ellippy/docs/build/html/_static/figures/ellipeinc_plot_3d.html", "HTML", 0, 0, 18, 0, 0, 0, 0, 0, 6, 24
"/home/psira/Code/python/ellippy/docs/build/html/_static/figures/ellipf_plot.html", "HTML", 0, 0, 18, 0, 0, 0, 0, 0, 6, 24
"/home/psira/Code/python/ellippy/docs/build/html/_static/figures/ellipf_plot.svg", "XML", 0, 0, 0, 0, 1, 0, 0, 0, 0, 1
"/home/psira/Code/python/ellippy/docs/build/html/_static/figures/ellipf_plot_3d.html", "HTML", 0, 0, 18, 0, 0, 0, 0, 0, 6, 24
"/home/psira/Code/python/ellippy/docs/build/html/_static/figures/ellipk_plot.html", "HTML", 0, 0, 18, 0, 0, 0, 0, 0, 6, 24
"/home/psira/Code/python/ellippy/docs/build/html/_static/figures/ellipk_plot.svg", "XML", 0, 0, 0, 0, 1, 0, 0, 0, 0, 1
"/home/psira/Code/python/ellippy/docs/build/html/_static/figures/ellippi_plot_3d.html", "HTML", 0, 0, 18, 0, 0, 0, 0, 0, 6, 24
"/home/psira/Code/python/ellippy/docs/build/html/_static/figures/ellippiinc_plot_3d.html", "HTML", 0, 0, 18, 0, 0, 0, 0, 0, 6, 24
"/home/psira/Code/python/ellippy/docs/build/html/_static/figures/elliprc_plot.html", "HTML", 0, 0, 18, 0, 0, 0, 0, 0, 6, 24
"/home/psira/Code/python/ellippy/docs/build/html/_static/figures/elliprc_plot.svg", "XML", 0, 0, 0, 0, 1, 0, 0, 0, 0, 1
"/home/psira/Code/python/ellippy/docs/build/html/_static/figures/elliprd_plot.html", "HTML", 0, 0, 18, 0, 0, 0, 0, 0, 6, 24
"/home/psira/Code/python/ellippy/docs/build/html/_static/figures/elliprd_plot.svg", "XML", 0, 0, 0, 0, 1, 0, 0, 0, 0, 1
"/home/psira/Code/python/ellippy/docs/build/html/_static/figures/elliprf_plot.html", "HTML", 0, 0, 18, 0, 0, 0, 0, 0, 6, 24
"/home/psira/Code/python/ellippy/docs/build/html/_static/figures/elliprf_plot.svg", "XML", 0, 0, 0, 0, 1, 0, 0, 0, 0, 1
"/home/psira/Code/python/ellippy/docs/build/html/_static/figures/elliprg_plot.html", "HTML", 0, 0, 18, 0, 0, 0, 0, 0, 6, 24
"/home/psira/Code/python/ellippy/docs/build/html/_static/figures/elliprg_plot.svg", "XML", 0, 0, 0, 0, 1, 0, 0, 0, 0, 1
"/home/psira/Code/python/ellippy/docs/build/html/_static/figures/elliprj_plot.html", "HTML", 0, 0, 18, 0, 0, 0, 0, 0, 6, 24
"/home/psira/Code/python/ellippy/docs/build/html/_static/figures/elliprj_plot.svg", "XML", 0, 0, 0, 0, 1, 0, 0, 0, 0, 1
"/home/psira/Code/python/ellippy/docs/build/html/_static/figures/heuman_lambda_plot.html", "HTML", 0, 0, 18, 0, 0, 0, 0, 0, 6, 24
"/home/psira/Code/python/ellippy/docs/build/html/_static/figures/heuman_lambda_plot.svg", "XML", 0, 0, 0, 0, 1, 0, 0, 0, 0, 1
"/home/psira/Code/python/ellippy/docs/build/html/_static/figures/jacobi_zeta_plot.html", "HTML", 0, 0, 18, 0, 0, 0, 0, 0, 6, 24
"/home/psira/Code/python/ellippy/docs/build/html/_static/figures/jacobi_zeta_plot.svg", "XML", 0, 0, 0, 0, 1, 0, 0, 0, 0, 1
"/home/psira/Code/python/ellippy/docs/build/html/_static/language_data.js", "JavaScript", 0, 0, 0, 154, 0, 0, 0, 16, 23, 193
"/home/psira/Code/python/ellippy/docs/build/html/_static/pygments.css", "PostCSS", 0, 0, 0, 0, 0, 152, 0, 0, 0, 152
"/home/psira/Code/python/ellippy/docs/build/html/_static/scripts/bootstrap.js", "JavaScript", 0, 0, 0, 1, 0, 0, 0, 2, 0, 3
"/home/psira/Code/python/ellippy/docs/build/html/_static/scripts/fontawesome.js", "JavaScript", 0, 0, 0, 1, 0, 0, 0, 2, 0, 3
"/home/psira/Code/python/ellippy/docs/build/html/_static/scripts/pydata-sphinx-theme.js", "JavaScript", 0, 0, 0, 1, 0, 0, 0, 1, 0, 2
"/home/psira/Code/python/ellippy/docs/build/html/_static/searchtools.js", "JavaScript", 0, 0, 0, 442, 0, 0, 0, 116, 78, 636
"/home/psira/Code/python/ellippy/docs/build/html/_static/sphinx_highlight.js", "JavaScript", 0, 0, 0, 113, 0, 0, 0, 26, 16, 155
"/home/psira/Code/python/ellippy/docs/build/html/_static/styles/pydata-sphinx-theme.css", "PostCSS", 0, 0, 0, 0, 0, 8, 0, 21, 3, 32
"/home/psira/Code/python/ellippy/docs/build/html/_static/styles/theme.css", "PostCSS", 0, 0, 0, 0, 0, 1, 0, 1, 1, 3
"/home/psira/Code/python/ellippy/docs/build/html/_static/webpack-macros.html", "HTML", 0, 0, 13, 0, 0, 0, 0, 8, 3, 24
"/home/psira/Code/python/ellippy/docs/build/html/functions/ellippy.bulirsch.cel.html", "HTML", 0, 0, 523, 0, 0, 0, 0, 8, 239, 770
"/home/psira/Code/python/ellippy/docs/build/html/functions/ellippy.bulirsch.cel1.html", "HTML", 0, 0, 513, 0, 0, 0, 0, 8, 239, 760
"/home/psira/Code/python/ellippy/docs/build/html/functions/ellippy.bulirsch.cel2.html", "HTML", 0, 0, 516, 0, 0, 0, 0, 8, 239, 763
"/home/psira/Code/python/ellippy/docs/build/html/functions/ellippy.bulirsch.el1.html", "HTML", 0, 0, 517, 0, 0, 0, 0, 8, 239, 764
"/home/psira/Code/python/ellippy/docs/build/html/functions/ellippy.bulirsch.el2.html", "HTML", 0, 0, 520, 0, 0, 0, 0, 8, 239, 767
"/home/psira/Code/python/ellippy/docs/build/html/functions/ellippy.bulirsch.el3.html", "HTML", 0, 0, 517, 0, 0, 0, 0, 8, 239, 764
"/home/psira/Code/python/ellippy/docs/build/html/functions/ellippy.carlson.elliprc.html", "HTML", 0, 0, 518, 0, 0, 0, 0, 8, 239, 765
"/home/psira/Code/python/ellippy/docs/build/html/functions/ellippy.carlson.elliprd.html", "HTML", 0, 0, 518, 0, 0, 0, 0, 8, 239, 765
"/home/psira/Code/python/ellippy/docs/build/html/functions/ellippy.carlson.elliprf.html", "HTML", 0, 0, 518, 0, 0, 0, 0, 8, 239, 765
"/home/psira/Code/python/ellippy/docs/build/html/functions/ellippy.carlson.elliprg.html", "HTML", 0, 0, 519, 0, 0, 0, 0, 8, 239, 766
"/home/psira/Code/python/ellippy/docs/build/html/functions/ellippy.carlson.elliprj.html", "HTML", 0, 0, 521, 0, 0, 0, 0, 8, 239, 768
"/home/psira/Code/python/ellippy/docs/build/html/functions/ellippy.legendre.ellipd.html", "HTML", 0, 0, 514, 0, 0, 0, 0, 8, 239, 761
"/home/psira/Code/python/ellippy/docs/build/html/functions/ellippy.legendre.ellipdinc.html", "HTML", 0, 0, 520, 0, 0, 0, 0, 8, 239, 767
"/home/psira/Code/python/ellippy/docs/build/html/functions/ellippy.legendre.ellipe.html", "HTML", 0, 0, 516, 0, 0, 0, 0, 8, 239, 763
"/home/psira/Code/python/ellippy/docs/build/html/functions/ellippy.legendre.ellipeinc.html", "HTML", 0, 0, 519, 0, 0, 0, 0, 8, 239, 766
"/home/psira/Code/python/ellippy/docs/build/html/functions/ellippy.legendre.ellipf.html", "HTML", 0, 0, 518, 0, 0, 0, 0, 8, 239, 765
"/home/psira/Code/python/ellippy/docs/build/html/functions/ellippy.legendre.ellipk.html", "HTML", 0, 0, 514, 0, 0, 0, 0, 8, 239, 761
"/home/psira/Code/python/ellippy/docs/build/html/functions/ellippy.legendre.ellippi.html", "HTML", 0, 0, 525, 0, 0, 0, 0, 8, 239, 772
"/home/psira/Code/python/ellippy/docs/build/html/functions/ellippy.legendre.ellippiinc.html", "HTML", 0, 0, 526, 0, 0, 0, 0, 8, 239, 773
"/home/psira/Code/python/ellippy/docs/build/html/functions/ellippy.legendre.ellippiinc_bulirsch.html", "HTML", 0, 0, 502, 0, 0, 0, 0, 8, 239, 749
"/home/psira/Code/python/ellippy/docs/build/html/functions/ellippy.misc.heuman_lambda.html", "HTML", 0, 0, 515, 0, 0, 0, 0, 8, 239, 762
"/home/psira/Code/python/ellippy/docs/build/html/functions/ellippy.misc.jacobi_zeta.html", "HTML", 0, 0, 507, 0, 0, 0, 0, 8, 239, 754
"/home/psira/Code/python/ellippy/docs/build/html/genindex.html", "HTML", 0, 0, 527, 0, 0, 0, 0, 8, 239, 774
"/home/psira/Code/python/ellippy/docs/build/html/index.html", "HTML", 0, 0, 619, 0, 0, 0, 0, 8, 234, 861
"/home/psira/Code/python/ellippy/docs/build/html/py-modindex.html", "HTML", 0, 0, 445, 0, 0, 0, 0, 8, 232, 685
"/home/psira/Code/python/ellippy/docs/build/html/search.html", "HTML", 0, 0, 443, 0, 0, 0, 0, 8, 222, 673
"/home/psira/Code/python/ellippy/docs/build/html/searchindex.js", "JavaScript", 0, 0, 0, 1, 0, 0, 0, 0, 0, 1
"/home/psira/Code/python/ellippy/docs/source/_static/figures/cel1_plot.html", "HTML", 0, 0, 18, 0, 0, 0, 0, 0, 6, 24
"/home/psira/Code/python/ellippy/docs/source/_static/figures/cel1_plot.svg", "XML", 0, 0, 0, 0, 1, 0, 0, 0, 0, 1
"/home/psira/Code/python/ellippy/docs/source/_static/figures/cel2_plot.html", "HTML", 0, 0, 18, 0, 0, 0, 0, 0, 6, 24
"/home/psira/Code/python/ellippy/docs/source/_static/figures/cel2_plot.svg", "XML", 0, 0, 0, 0, 1, 0, 0, 0, 0, 1
"/home/psira/Code/python/ellippy/docs/source/_static/figures/cel_plot.html", "HTML", 0, 0, 18, 0, 0, 0, 0, 0, 6, 24
"/home/psira/Code/python/ellippy/docs/source/_static/figures/cel_plot.svg", "XML", 0, 0, 0, 0, 1, 0, 0, 0, 0, 1
"/home/psira/Code/python/ellippy/docs/source/_static/figures/el1_plot.html", "HTML", 0, 0, 18, 0, 0, 0, 0, 0, 6, 24
"/home/psira/Code/python/ellippy/docs/source/_static/figures/el1_plot.svg", "XML", 0, 0, 0, 0, 1, 0, 0, 0, 0, 1
"/home/psira/Code/python/ellippy/docs/source/_static/figures/el2_plot.html", "HTML", 0, 0, 18, 0, 0, 0, 0, 0, 6, 24
"/home/psira/Code/python/ellippy/docs/source/_static/figures/el2_plot.svg", "XML", 0, 0, 0, 0, 1, 0, 0, 0, 0, 1
"/home/psira/Code/python/ellippy/docs/source/_static/figures/el3_plot.html", "HTML", 0, 0, 18, 0, 0, 0, 0, 0, 6, 24
"/home/psira/Code/python/ellippy/docs/source/_static/figures/el3_plot.svg", "XML", 0, 0, 0, 0, 1, 0, 0, 0, 0, 1
"/home/psira/Code/python/ellippy/docs/source/_static/figures/ellipd_plot.html", "HTML", 0, 0, 18, 0, 0, 0, 0, 0, 6, 24
"/home/psira/Code/python/ellippy/docs/source/_static/figures/ellipd_plot.svg", "XML", 0, 0, 0, 0, 1, 0, 0, 0, 0, 1
"/home/psira/Code/python/ellippy/docs/source/_static/figures/ellipdinc_plot.html", "HTML", 0, 0, 18, 0, 0, 0, 0, 0, 6, 24
"/home/psira/Code/python/ellippy/docs/source/_static/figures/ellipdinc_plot.svg", "XML", 0, 0, 0, 0, 1, 0, 0, 0, 0, 1
"/home/psira/Code/python/ellippy/docs/source/_static/figures/ellipdinc_plot_3d.html", "HTML", 0, 0, 18, 0, 0, 0, 0, 0, 6, 24
"/home/psira/Code/python/ellippy/docs/source/_static/figures/ellipe_plot.html", "HTML", 0, 0, 18, 0, 0, 0, 0, 0, 6, 24
"/home/psira/Code/python/ellippy/docs/source/_static/figures/ellipe_plot.svg", "XML", 0, 0, 0, 0, 1, 0, 0, 0, 0, 1
"/home/psira/Code/python/ellippy/docs/source/_static/figures/ellipeinc_plot.html", "HTML", 0, 0, 18, 0, 0, 0, 0, 0, 6, 24
"/home/psira/Code/python/ellippy/docs/source/_static/figures/ellipeinc_plot.svg", "XML", 0, 0, 0, 0, 1, 0, 0, 0, 0, 1
"/home/psira/Code/python/ellippy/docs/source/_static/figures/ellipeinc_plot_3d.html", "HTML", 0, 0, 18, 0, 0, 0, 0, 0, 6, 24
"/home/psira/Code/python/ellippy/docs/source/_static/figures/ellipf_plot.html", "HTML", 0, 0, 18, 0, 0, 0, 0, 0, 6, 24
"/home/psira/Code/python/ellippy/docs/source/_static/figures/ellipf_plot.svg", "XML", 0, 0, 0, 0, 1, 0, 0, 0, 0, 1
"/home/psira/Code/python/ellippy/docs/source/_static/figures/ellipf_plot_3d.html", "HTML", 0, 0, 18, 0, 0, 0, 0, 0, 6, 24
"/home/psira/Code/python/ellippy/docs/source/_static/figures/ellipk_plot.html", "HTML", 0, 0, 18, 0, 0, 0, 0, 0, 6, 24
"/home/psira/Code/python/ellippy/docs/source/_static/figures/ellipk_plot.svg", "XML", 0, 0, 0, 0, 1, 0, 0, 0, 0, 1
"/home/psira/Code/python/ellippy/docs/source/_static/figures/ellippi_plot_3d.html", "HTML", 0, 0, 18, 0, 0, 0, 0, 0, 6, 24
"/home/psira/Code/python/ellippy/docs/source/_static/figures/ellippiinc_plot_3d.html", "HTML", 0, 0, 18, 0, 0, 0, 0, 0, 6, 24
"/home/psira/Code/python/ellippy/docs/source/_static/figures/elliprc_plot.html", "HTML", 0, 0, 18, 0, 0, 0, 0, 0, 6, 24
"/home/psira/Code/python/ellippy/docs/source/_static/figures/elliprc_plot.svg", "XML", 0, 0, 0, 0, 1, 0, 0, 0, 0, 1
"/home/psira/Code/python/ellippy/docs/source/_static/figures/elliprd_plot.html", "HTML", 0, 0, 18, 0, 0, 0, 0, 0, 6, 24
"/home/psira/Code/python/ellippy/docs/source/_static/figures/elliprd_plot.svg", "XML", 0, 0, 0, 0, 1, 0, 0, 0, 0, 1
"/home/psira/Code/python/ellippy/docs/source/_static/figures/elliprf_plot.html", "HTML", 0, 0, 18, 0, 0, 0, 0, 0, 6, 24
"/home/psira/Code/python/ellippy/docs/source/_static/figures/elliprf_plot.svg", "XML", 0, 0, 0, 0, 1, 0, 0, 0, 0, 1
"/home/psira/Code/python/ellippy/docs/source/_static/figures/elliprg_plot.html", "HTML", 0, 0, 18, 0, 0, 0, 0, 0, 6, 24
"/home/psira/Code/python/ellippy/docs/source/_static/figures/elliprg_plot.svg", "XML", 0, 0, 0, 0, 1, 0, 0, 0, 0, 1
"/home/psira/Code/python/ellippy/docs/source/_static/figures/elliprj_plot.html", "HTML", 0, 0, 18, 0, 0, 0, 0, 0, 6, 24
"/home/psira/Code/python/ellippy/docs/source/_static/figures/elliprj_plot.svg", "XML", 0, 0, 0, 0, 1, 0, 0, 0, 0, 1
"/home/psira/Code/python/ellippy/docs/source/_static/figures/heuman_lambda_plot.html", "HTML", 0, 0, 18, 0, 0, 0, 0, 0, 6, 24
"/home/psira/Code/python/ellippy/docs/source/_static/figures/heuman_lambda_plot.svg", "XML", 0, 0, 0, 0, 1, 0, 0, 0, 0, 1
"/home/psira/Code/python/ellippy/docs/source/_static/figures/jacobi_zeta_plot.html", "HTML", 0, 0, 18, 0, 0, 0, 0, 0, 6, 24
"/home/psira/Code/python/ellippy/docs/source/_static/figures/jacobi_zeta_plot.svg", "XML", 0, 0, 0, 0, 1, 0, 0, 0, 0, 1
"/home/psira/Code/python/ellippy/pyproject.toml", "TOML", 1, 0, 0, 0, 0, 0, 0, 0, 0, 1
"/home/psira/Code/python/ellippy/python/ellippy/bulirsch.py", "Python", 0, 43, 0, 0, 0, 0, 0, 0, 14, 57
"/home/psira/Code/python/ellippy/python/ellippy/carlson.py", "Python", 0, 87, 0, 0, 0, 0, 0, 0, 25, 112
"/home/psira/Code/python/ellippy/python/ellippy/misc.py", "Python", 0, 4, 0, 0, 0, 0, 0, 1, 0, 5
"/home/psira/Code/python/ellippy/python/tests/common_utils.py", "Python", 0, 22, 0, 0, 0, 0, 0, 12, 11, 45
"/home/psira/Code/python/ellippy/python/tests/test_bulirsch.py", "Python", 0, -4, 0, 0, 0, 0, 0, 0, 0, -4
"/home/psira/Code/python/ellippy/python/tests/test_carlson.py", "Python", 0, -3, 0, 0, 0, 0, 0, 0, 0, -3
"/home/psira/Code/python/ellippy/python/tests/test_legendre.py", "Python", 0, 1, 0, 0, 0, 0, 0, -1, 0, 0
"/home/psira/Code/python/ellippy/python/tests/test_misc.py", "Python", 0, -1, 0, 0, 0, 0, 0, 0, 0, -1
"/home/psira/Code/python/ellippy/python/tests/test_utils.py", "Python", 0, -22, 0, 0, 0, 0, 0, -12, -11, -45
"/home/psira/Code/python/ellippy/src/lib.rs", "Rust", 0, 0, 0, 0, 0, 0, 0, -14, -1, -15
"/home/psira/Code/python/ellippy/uv.lock", "TOML", 46, 0, 0, 0, 0, 0, 0, 0, 4, 50
"Total", "-", 47, 127, 17144, 835, 117, 860, 0, 480, 8269, 27879