"filename", "language", "TOML", "Python", "Makefile", "C++", "CSV", "reStructuredText", "Batch", "XML", "PostCSS", "Markdown", "Rust", "comment", "blank", "total"
"/home/psira/Code/python/ellippy/Cargo.lock", "TOML", 322, 0, 0, 0, 0, 0, 0, 0, 0, 0, 0, 2, 41, 365
"/home/psira/Code/python/ellippy/Cargo.toml", "TOML", 11, 0, 0, 0, 0, 0, 0, 0, 0, 0, 0, 0, 3, 14
"/home/psira/Code/python/ellippy/README.md", "Markdown", 0, 0, 0, 0, 0, 0, 0, 0, 0, 1, 0, 0, 0, 1
"/home/psira/Code/python/ellippy/docs/Makefile", "Makefile", 0, 0, 9, 0, 0, 0, 0, 0, 0, 0, 0, 7, 5, 21
"/home/psira/Code/python/ellippy/docs/make.bat", "Batch", 0, 0, 0, 0, 0, 0, 26, 0, 0, 0, 0, 1, 9, 36
"/home/psira/Code/python/ellippy/docs/source/_static/custom.css", "PostCSS", 0, 0, 0, 0, 0, 0, 0, 0, 6, 0, 0, 5, 3, 14
"/home/psira/Code/python/ellippy/docs/source/_static/ellippy-square.svg", "XML", 0, 0, 0, 0, 0, 0, 0, 79, 0, 0, 0, 1, 2, 82
"/home/psira/Code/python/ellippy/docs/source/conf.py", "Python", 0, 43, 0, 0, 0, 0, 0, 0, 0, 0, 0, 10, 16, 69
"/home/psira/Code/python/ellippy/docs/source/functions/ellippy.bulirsch.cel.rst", "reStructuredText", 0, 0, 0, 0, 0, 2, 0, 0, 0, 0, 0, 2, 2, 6
"/home/psira/Code/python/ellippy/docs/source/functions/ellippy.bulirsch.cel1.rst", "reStructuredText", 0, 0, 0, 0, 0, 2, 0, 0, 0, 0, 0, 2, 2, 6
"/home/psira/Code/python/ellippy/docs/source/functions/ellippy.bulirsch.cel2.rst", "reStructuredText", 0, 0, 0, 0, 0, 2, 0, 0, 0, 0, 0, 2, 2, 6
"/home/psira/Code/python/ellippy/docs/source/functions/ellippy.bulirsch.el1.rst", "reStructuredText", 0, 0, 0, 0, 0, 2, 0, 0, 0, 0, 0, 2, 2, 6
"/home/psira/Code/python/ellippy/docs/source/functions/ellippy.bulirsch.el2.rst", "reStructuredText", 0, 0, 0, 0, 0, 2, 0, 0, 0, 0, 0, 2, 2, 6
"/home/psira/Code/python/ellippy/docs/source/functions/ellippy.bulirsch.el3.rst", "reStructuredText", 0, 0, 0, 0, 0, 2, 0, 0, 0, 0, 0, 2, 2, 6
"/home/psira/Code/python/ellippy/docs/source/functions/ellippy.carlson.elliprc.rst", "reStructuredText", 0, 0, 0, 0, 0, 2, 0, 0, 0, 0, 0, 2, 2, 6
"/home/psira/Code/python/ellippy/docs/source/functions/ellippy.carlson.elliprd.rst", "reStructuredText", 0, 0, 0, 0, 0, 2, 0, 0, 0, 0, 0, 2, 2, 6
"/home/psira/Code/python/ellippy/docs/source/functions/ellippy.carlson.elliprf.rst", "reStructuredText", 0, 0, 0, 0, 0, 2, 0, 0, 0, 0, 0, 2, 2, 6
"/home/psira/Code/python/ellippy/docs/source/functions/ellippy.carlson.elliprg.rst", "reStructuredText", 0, 0, 0, 0, 0, 2, 0, 0, 0, 0, 0, 2, 2, 6
"/home/psira/Code/python/ellippy/docs/source/functions/ellippy.carlson.elliprj.rst", "reStructuredText", 0, 0, 0, 0, 0, 2, 0, 0, 0, 0, 0, 2, 2, 6
"/home/psira/Code/python/ellippy/docs/source/functions/ellippy.legendre.ellipd.rst", "reStructuredText", 0, 0, 0, 0, 0, 2, 0, 0, 0, 0, 0, 2, 2, 6
"/home/psira/Code/python/ellippy/docs/source/functions/ellippy.legendre.ellipdinc.rst", "reStructuredText", 0, 0, 0, 0, 0, 2, 0, 0, 0, 0, 0, 2, 2, 6
"/home/psira/Code/python/ellippy/docs/source/functions/ellippy.legendre.ellipe.rst", "reStructuredText", 0, 0, 0, 0, 0, 2, 0, 0, 0, 0, 0, 2, 2, 6
"/home/psira/Code/python/ellippy/docs/source/functions/ellippy.legendre.ellipeinc.rst", "reStructuredText", 0, 0, 0, 0, 0, 2, 0, 0, 0, 0, 0, 2, 2, 6
"/home/psira/Code/python/ellippy/docs/source/functions/ellippy.legendre.ellipf.rst", "reStructuredText", 0, 0, 0, 0, 0, 2, 0, 0, 0, 0, 0, 2, 2, 6
"/home/psira/Code/python/ellippy/docs/source/functions/ellippy.legendre.ellipk.rst", "reStructuredText", 0, 0, 0, 0, 0, 2, 0, 0, 0, 0, 0, 2, 2, 6
"/home/psira/Code/python/ellippy/docs/source/functions/ellippy.legendre.ellippi.rst", "reStructuredText", 0, 0, 0, 0, 0, 2, 0, 0, 0, 0, 0, 2, 2, 6
"/home/psira/Code/python/ellippy/docs/source/functions/ellippy.legendre.ellippiinc.rst", "reStructuredText", 0, 0, 0, 0, 0, 2, 0, 0, 0, 0, 0, 2, 2, 6
"/home/psira/Code/python/ellippy/docs/source/functions/ellippy.legendre.ellippiinc_bulirsch.rst", "reStructuredText", 0, 0, 0, 0, 0, 2, 0, 0, 0, 0, 0, 2, 2, 6
"/home/psira/Code/python/ellippy/docs/source/functions/ellippy.misc.heuman_lambda.rst", "reStructuredText", 0, 0, 0, 0, 0, 2, 0, 0, 0, 0, 0, 2, 2, 6
"/home/psira/Code/python/ellippy/docs/source/functions/ellippy.misc.jacobi_zeta.rst", "reStructuredText", 0, 0, 0, 0, 0, 2, 0, 0, 0, 0, 0, 2, 2, 6
"/home/psira/Code/python/ellippy/docs/source/index.rst", "reStructuredText", 0, 0, 0, 0, 0, 65, 0, 0, 0, 0, 0, 17, 42, 124
"/home/psira/Code/python/ellippy/logo/ellippy-logo.svg", "XML", 0, 0, 0, 0, 0, 0, 0, 126, 0, 0, 0, 1, 2, 129
"/home/psira/Code/python/ellippy/logo/ellippy-square.svg", "XML", 0, 0, 0, 0, 0, 0, 0, 79, 0, 0, 0, 1, 2, 82
"/home/psira/Code/python/ellippy/pyproject.toml", "TOML", 31, 0, 0, 0, 0, 0, 0, 0, 0, 0, 0, 0, 5, 36
"/home/psira/Code/python/ellippy/python/benchmark/__init__.py", "Python", 0, 0, 0, 0, 0, 0, 0, 0, 0, 0, 0, 2, 1, 3
"/home/psira/Code/python/ellippy/python/benchmark/bench_utils.py", "Python", 0, 0, 0, 0, 0, 0, 0, 0, 0, 0, 0, 2, 1, 3
"/home/psira/Code/python/ellippy/python/ellippy/__about__.py", "Python", 0, 6, 0, 0, 0, 0, 0, 0, 0, 0, 0, 2, 3, 11
"/home/psira/Code/python/ellippy/python/ellippy/__init__.py", "Python", 0, 31, 0, 0, 0, 0, 0, 0, 0, 0, 0, 7, 5, 43
"/home/psira/Code/python/ellippy/python/ellippy/_ellip.py", "Python", 0, 43, 0, 0, 0, 0, 0, 0, 0, 0, 0, 2, 10, 55
"/home/psira/Code/python/ellippy/python/ellippy/bulirsch.py", "Python", 0, 100, 0, 0, 0, 0, 0, 0, 0, 0, 0, 33, 40, 173
"/home/psira/Code/python/ellippy/python/ellippy/carlson.py", "Python", 0, 50, 0, 0, 0, 0, 0, 0, 0, 0, 0, 29, 23, 102
"/home/psira/Code/python/ellippy/python/ellippy/legendre.py", "Python", 0, 227, 0, 0, 0, 0, 0, 0, 0, 0, 0, 50, 81, 358
"/home/psira/Code/python/ellippy/python/ellippy/misc.py", "Python", 0, 44, 0, 0, 0, 0, 0, 0, 0, 0, 0, 12, 20, 76
"/home/psira/Code/python/ellippy/python/tests/__init__.py", "Python", 0, 0, 0, 0, 0, 0, 0, 0, 0, 0, 0, 2, 1, 3
"/home/psira/Code/python/ellippy/python/tests/data/boost/carlson.cpp", "C++", 0, 0, 0, 81, 0, 0, 0, 0, 0, 0, 0, 6, 7, 94
"/home/psira/Code/python/ellippy/python/tests/data/boost/elliprf_data.csv", "CSV", 0, 0, 0, 0, 1300, 0, 0, 0, 0, 0, 0, 0, 1, 1301
"/home/psira/Code/python/ellippy/python/tests/data/boost/elliprg_data.csv", "CSV", 0, 0, 0, 0, 1300, 0, 0, 0, 0, 0, 0, 0, 1, 1301
"/home/psira/Code/python/ellippy/python/tests/data/boost/elliprj_data.csv", "CSV", 0, 0, 0, 0, 1944, 0, 0, 0, 0, 0, 0, 0, 1, 1945
"/home/psira/Code/python/ellippy/python/tests/data/boost/elliprj_pv.csv", "CSV", 0, 0, 0, 0, 1944, 0, 0, 0, 0, 0, 0, 0, 1, 1945
"/home/psira/Code/python/ellippy/python/tests/data/boost/elliprj_pv_small.csv", "CSV", 0, 0, 0, 0, 384, 0, 0, 0, 0, 0, 0, 0, 1, 385
"/home/psira/Code/python/ellippy/python/tests/test_bulirsch.py", "Python", 0, 50, 0, 0, 0, 0, 0, 0, 0, 0, 0, 2, 8, 60
"/home/psira/Code/python/ellippy/python/tests/test_carlson.py", "Python", 0, 42, 0, 0, 0, 0, 0, 0, 0, 0, 0, 2, 7, 51
"/home/psira/Code/python/ellippy/python/tests/test_legendre.py", "Python", 0, 67, 0, 0, 0, 0, 0, 0, 0, 0, 0, 3, 11, 81
"/home/psira/Code/python/ellippy/python/tests/test_misc.py", "Python", 0, 18, 0, 0, 0, 0, 0, 0, 0, 0, 0, 2, 4, 24
"/home/psira/Code/python/ellippy/python/tests/test_utils.py", "Python", 0, 22, 0, 0, 0, 0, 0, 0, 0, 0, 0, 12, 11, 45
"/home/psira/Code/python/ellippy/src/lib.rs", "Rust", 0, 0, 0, 0, 0, 0, 0, 0, 0, 0, 51, 18, 7, 76
"/home/psira/Code/python/ellippy/uv.lock", "TOML", 849, 0, 0, 0, 0, 0, 0, 0, 0, 0, 0, 0, 48, 897
"Total", "-", 1213, 743, 9, 81, 6872, 109, 26, 284, 6, 1, 51, 275, 467, 10137